"","baseMean","logFC","lfcSE","stat","PValue","FDR"
"hsa-miR-183-5p",16630.223411802,4.9235218618538,0.325265635700597,15.1369260120237,9.24343870942247e-52,4.01165239988935e-49
"hsa-miR-182-5p",50863.2948049029,4.57479428568663,0.303214275160386,15.0876613024462,1.95240824115151e-51,4.23672588329877e-49
"hsa-miR-96-5p",98.9213076732998,4.96017493263208,0.426943885800393,11.6178614979653,3.34401975426744e-31,4.83768191117357e-29
"hsa-miR-21-5p",1848625.66504321,2.61105714102904,0.233354286475675,11.1892401055218,4.60361988949564e-29,4.99492758010277e-27
"hsa-miR-27a-3p",6325.50247542389,2.04417083731581,0.197289695238475,10.3612651174959,3.72008660826752e-25,3.22903517597621e-23
"hsa-miR-505-3p",218.6889786284,-2.04438383609162,0.202686358078728,-10.0864402294778,6.34281010965762e-24,4.58796597931901e-22
"hsa-miR-148a-3p",218295.933517714,-2.62805898532747,0.265034144730196,-9.915926070593,3.549493416606e-23,2.20068591829572e-21
"hsa-miR-222-3p",178.783260312759,2.34832621043756,0.255719655706464,9.18320574126366,4.18444824749379e-20,2.27006317426538e-18
"hsa-miR-99a-3p",11.1347076751108,-2.21878660409985,0.242577642858059,-9.14670691807383,5.86954892034098e-20,2.83042692380887e-18
"hsa-miR-4662a-5p",97.9200451272305,-3.02216782523729,0.331116605809064,-9.127201028933,7.02931111080116e-20,3.0507210220877e-18
"hsa-miR-101-3p",89063.293933867,-1.94949245263097,0.220906413699872,-8.82496990458406,1.09489250391408e-18,4.31984860635191e-17
"hsa-miR-92b-3p",240.557991042222,3.06602336772586,0.355689098129656,8.61995316653825,6.6981502434287e-18,2.42249767137338e-16
"hsa-miR-200b-3p",3353.29546511614,2.90813860257427,0.342730186538048,8.48521290741756,2.15324116269337e-17,7.18851280468403e-16
"hsa-miR-23a-3p",18824.0451216226,1.59735260801032,0.190523934987268,8.38399966973739,5.11589367976776e-17,1.585927040728e-15
"hsa-let-7c-5p",8590.33053106352,-2.05776115307489,0.248066930553807,-8.29518528923206,1.08416083080055e-16,3.13683867044958e-15
"hsa-miR-181d-5p",127.105584907322,2.70829596827383,0.337929688047668,8.01437714431235,1.1069654712065e-15,3.00264384064763e-14
"hsa-miR-200a-3p",1783.83491692795,2.86453763827264,0.358075979356648,7.99980396177184,1.24617454550692e-15,3.18141031029415e-14
"hsa-miR-330-5p",68.4157725338824,1.98079258032302,0.247849180931642,7.99192707790039,1.32845613696889e-15,3.20305535246943e-14
"hsa-miR-148a-5p",150.605565733074,-2.29997312002439,0.290398452835969,-7.92005982663938,2.37396327875485e-15,5.42263191041898e-14
"hsa-miR-99a-5p",3459.86493957829,-2.18488457331093,0.276535589744433,-7.90091638956904,2.76860328757247e-15,6.00786913403226e-14
"hsa-miR-125b-2-3p",72.8561666152445,-2.18460258167989,0.281432887173956,-7.76242820665649,8.33185383852494e-15,1.72191645996182e-13
"hsa-let-7c-3p",53.4735689776855,-2.36422943849225,0.312194028477145,-7.57294894468273,3.64845721587214e-14,7.19741105312959e-13
"hsa-miR-378a-3p",2314.40734452267,-2.8580863901086,0.378349694822921,-7.55408668017101,4.21809205155086e-14,7.95935630596989e-13
"hsa-miR-200b-5p",82.7766937358008,2.81265809095582,0.375916889650151,7.4821274818842,7.31289541125503e-14,1.32241525353528e-12
"hsa-miR-139-5p",589.191885098046,-2.70336312675197,0.362458743627176,-7.45840229897351,8.75779229380098e-14,1.52035274220385e-12
"hsa-let-7e-5p",4278.5176064393,1.49878333640444,0.202594553943218,7.39794484714781,1.38308268181332e-13,2.308684168873e-12
"hsa-miR-221-3p",710.035469907721,1.90235571137974,0.258025031088409,7.37275644674924,1.67135666624048e-13,2.68655108573469e-12
"hsa-miR-200a-5p",1886.23055805275,2.63764692394926,0.36057042528047,7.31520595982759,2.5698692087315e-13,3.98329727353383e-12
"hsa-miR-181b-5p",3340.83291212019,2.26325956623364,0.311089341768693,7.27527196324349,3.45723235968741e-13,5.17392704863564e-12
"hsa-miR-429",516.374995430037,2.83046951044003,0.395545734103123,7.15585902312397,8.31505626743053e-13,1.20291147335495e-11
"hsa-miR-135b-5p",157.525916508308,4.98862725655625,0.700677756462091,7.11971688918049,1.0814897770481e-12,1.51408568786734e-11
"hsa-miR-454-3p",31.1805605341524,1.67712700979182,0.236133585467121,7.10245010879804,1.22564283185635e-12,1.66227809070518e-11
"hsa-miR-24-2-5p",90.8101555939535,1.69228899995026,0.238736102448173,7.08853408678578,1.35539998933213e-12,1.7825563496065e-11
"hsa-miR-139-3p",88.593205020618,-2.39634929259372,0.339600622423455,-7.05637485435955,1.70902412620898e-12,2.1438391530319e-11
"hsa-miR-378a-5p",383.565756059353,-2.5765877321691,0.365226485187736,-7.05476693686292,1.72890254276766e-12,2.1438391530319e-11
"hsa-miR-99b-3p",210.952690257487,1.82162541281018,0.262947913485035,6.92770438322513,4.27724347232742e-12,5.15645463052805e-11
"hsa-miR-423-5p",152.000889684527,1.27425536714952,0.184754018843051,6.89703734256523,5.30982282530623e-12,6.2282786653592e-11
"hsa-miR-181c-5p",324.083314493714,2.13171657320569,0.312018555353025,6.83201859836131,8.37279916034758e-12,9.56261798839697e-11
"hsa-miR-378c",36.8212415521446,-2.54910724981171,0.37758283946175,-6.75112050496124,1.46707682157242e-11,1.63259318092931e-10
"hsa-miR-34c-5p",21.1760115034457,5.32814109099224,0.790147866934165,6.74322024264375,1.54914106474042e-11,1.64389045355297e-10
"hsa-miR-30e-3p",26428.6363108996,-1.40142570927083,0.207838458119137,-6.74286040203155,1.5529840690247e-11,1.64389045355297e-10
"hsa-miR-34c-3p",15.3783221731646,4.91371025270968,0.739854815617931,6.64145201056199,3.10607885872711e-11,3.20961482068468e-10
"hsa-miR-199b-5p",488.00328862741,2.80855402997763,0.431017899882534,6.51609603857066,7.21607837621664e-11,7.28320468669307e-10
"hsa-miR-1468-5p",48.0161363540447,-2.13827552397454,0.329611874470472,-6.48725270413793,8.74156533826554e-11,8.62236217456192e-10
"hsa-miR-708-5p",41.089681987542,3.38680987883046,0.522526229931398,6.48160740040765,9.0750532528956e-11,8.75238469279265e-10
"hsa-miR-301a-3p",27.2004666479153,1.6222617029151,0.256575159200527,6.32275434601687,2.56941604737316e-10,2.42418818382598e-09
"hsa-miR-194-3p",225.715328720804,-2.6725490229841,0.423473712427117,-6.31101516943409,2.77211017867352e-10,2.55977833520065e-09
"hsa-miR-624-5p",7.70689703675351,-1.49661846224541,0.240046277984714,-6.23470805217279,4.52621412631209e-10,4.09245193920718e-09
"hsa-miR-505-5p",32.3962879788641,-1.51501973356561,0.245745875960854,-6.1649853843608,7.04896508492734e-10,6.24336907522136e-09
"hsa-miR-106b-5p",876.773347052228,1.10586091749206,0.181041950889105,6.10831308468079,1.0068968842023e-09,8.73986495487598e-09
"hsa-miR-125a-3p",18.0871486993324,2.18432751886415,0.360245099872233,6.06344824576063,1.33233667472705e-09,1.1337923859442e-08
"hsa-miR-25-3p",29176.4998159791,0.921723790341471,0.152122210974407,6.05910066937262,1.36884707443131e-09,1.14246082750614e-08
"hsa-miR-574-3p",484.798157196955,-1.26656068726766,0.211807531516415,-5.97977172105186,2.23450538025856e-09,1.82976478307965e-08
"hsa-miR-99b-5p",85152.3034468251,1.3620819319264,0.228364933143819,5.96449688301569,2.4538895328773e-09,1.97220010605324e-08
"hsa-miR-675-3p",568.128965628184,-3.95432311677313,0.666424712163541,-5.93363818087637,2.96294406686477e-09,2.33803222730784e-08
"hsa-miR-146b-3p",438.590576929951,-1.89034263670114,0.320382968212428,-5.90025945276767,3.6293039583626e-09,2.81271056773102e-08
"hsa-miR-200c-3p",6658.91466874641,5.2874091665101,0.902998068694421,5.85539366009362,4.75881439393001e-09,3.62337797713268e-08
"hsa-miR-424-5p",791.609515620452,-1.5519540477623,0.266983994611317,-5.81291043315793,6.1395915150412e-09,4.59410813366876e-08
"hsa-let-7i-5p",1477.82231133574,1.03028628683539,0.177851405157353,5.79296118534372,6.91560947022089e-09,5.06126687318978e-08
"hsa-miR-1301-3p",32.9101270906982,1.70233081645563,0.293961808029357,5.79099314930607,6.99714314265868e-09,5.06126687318978e-08
"hsa-miR-708-3p",111.767378925772,2.60855104298271,0.450815184923826,5.78629808892412,7.19544814555805e-09,5.11938441831507e-08
"hsa-miR-181c-3p",226.247746472516,1.74601371137101,0.303726155295096,5.74864456330607,8.99617096147161e-09,6.29731967303013e-08
"hsa-miR-483-3p",68.7882700707528,-3.57371330800296,0.63059813204921,-5.66718029498393,1.4516657130487e-08,1.00003638010022e-07
"hsa-miR-196b-5p",396.576651610679,4.34318632512522,0.776635754158017,5.59230797947726,2.24070902960523e-08,1.51948081070105e-07
"hsa-miR-22-3p",577993.970622371,-1.20596263411099,0.216799030038996,-5.56258316236039,2.65810288190747e-08,1.77479484730437e-07
"hsa-miR-152-3p",938.444160343814,-1.10638955056876,0.199448491229172,-5.54724452288527,2.90206751367867e-08,1.90832924384325e-07
"hsa-miR-141-3p",795.308601326482,4.88076639208219,0.900702237336615,5.41884564039128,5.99850788781939e-08,3.88560063181137e-07
"hsa-miR-181a-5p",14021.4511918164,1.53812207324666,0.287942287108274,5.34177209153126,9.20423307444647e-08,5.87446640339672e-07
"hsa-miR-141-5p",357.973996104802,4.81289162013073,0.92603924124687,5.19728690292908,2.02218141683488e-07,1.27192280421209e-06
"hsa-miR-483-5p",61.0474797182926,-3.10655176070528,0.600077809078316,-5.17691491621187,2.25585029441254e-07,1.39862718253578e-06
"hsa-miR-218-5p",298.249826192493,1.79369873181841,0.3481590918398,5.15195143214514,2.5778980605345e-07,1.55389966426663e-06
"hsa-miR-1266-5p",21.5538747767448,2.26424480162748,0.439307458182731,5.15412328985697,2.54820257035597e-07,1.55389966426663e-06
"hsa-miR-196a-5p",143.431312673856,5.12798711725437,1.00670291119491,5.09384353638919,3.50876371179879e-07,2.07391693035948e-06
"hsa-miR-331-5p",17.6234849197222,1.62497547206037,0.319100107620873,5.09236892514943,3.53617172457607e-07,2.07391693035948e-06
"hsa-miR-24-3p",6629.66261330711,0.83233040783983,0.164612862657708,5.05629022180702,4.27490622024584e-07,2.47374573278226e-06
"hsa-miR-625-3p",328.002904666371,1.80577766637272,0.368059758759743,4.90620781923477,9.28541406342596e-07,5.30246013621956e-06
"hsa-miR-511-5p",31.7959264047831,-1.75683490130139,0.364179807361923,-4.82408652480681,1.40646355974449e-06,7.92734006401441e-06
"hsa-miR-122-3p",365.448780975991,-4.34920710098142,0.902544151973866,-4.81883029375316,1.44402313923078e-06,7.93298787881212e-06
"hsa-miR-149-5p",75.0455824504827,1.93589077847259,0.401689664961813,4.81936914821204,1.44012870408431e-06,7.93298787881212e-06
"hsa-miR-132-3p",573.809513458887,0.892289971481311,0.18694212195319,4.77308143375381,1.81428388041496e-06,9.84249005125115e-06
"hsa-miR-33a-3p",8.96745425905952,-1.43237430664631,0.300725282277281,-4.7630657981247,1.90673633227837e-06,1.02163403482569e-05
"hsa-miR-10b-5p",28128.4763392489,2.48349752091504,0.521826516282784,4.75923979219409,1.94323463918021e-06,1.02849247976123e-05
"hsa-miR-598-3p",160.860921443736,1.48042784586395,0.31564339540277,4.69019110624787,2.72949997407212e-06,1.42723251656301e-05
"hsa-miR-192-5p",91526.6714132521,-1.8404972207167,0.396198763073261,-4.64538860858679,3.39436887667719e-06,1.75375725294988e-05
"hsa-miR-122-5p",41338.0384492972,-4.03191819040352,0.871141500011103,-4.62831605468473,3.68651103465936e-06,1.88228916357901e-05
"hsa-miR-17-3p",1594.24361398645,-0.901326442398939,0.195358673060165,-4.61370067824608,3.95561972369615e-06,1.99620809312108e-05
"hsa-miR-424-3p",11.0220154849231,-1.31509895486607,0.285222054872484,-4.61078984741914,4.0114190462169e-06,2.00109869661855e-05
"hsa-miR-885-5p",651.188205817012,-3.67542579061119,0.805062233144281,-4.56539338115057,4.98558539345279e-06,2.45880006904376e-05
"hsa-miR-455-3p",3160.23547380021,-1.73320111451624,0.380361249852035,-4.55672368094929,5.19577036797276e-06,2.53366779741593e-05
"hsa-miR-339-3p",22.9277417410707,1.1239934726335,0.246825445198788,4.55379902881674,5.26856911786657e-06,2.54062110794899e-05
"hsa-miR-409-5p",40.5888783296963,1.66082538990133,0.369660513918604,4.49283958488202,7.02797241884349e-06,3.35180223052536e-05
"hsa-miR-143-3p",183593.34779185,0.947480959911857,0.212001699919969,4.46921397455555,7.85075640533521e-06,3.70350899990813e-05
"hsa-miR-125a-5p",3786.73953558423,1.02100406948444,0.229940974934355,4.44028764240877,8.98387172436392e-06,4.19247347136983e-05
"hsa-miR-93-5p",17353.5372290702,0.812095247562136,0.184520460959735,4.40111217660217,1.0769742489648e-05,4.9724130218162e-05
"hsa-miR-28-5p",554.114263306722,-0.586033067566091,0.133697246697228,-4.38328448822307,1.16903291107932e-05,5.34063456219392e-05
"hsa-miR-339-5p",108.271602166194,0.921765089454902,0.210874346602823,4.37115801094111,1.23589310032982e-05,5.58726672440774e-05
"hsa-miR-1180-3p",76.0915157860352,1.18463833970061,0.272458144402125,4.3479645003828,1.37406837748192e-05,6.14789356522838e-05
"hsa-miR-16-2-3p",40.9985415504894,1.18120451751373,0.275192358628518,4.29228676043378,1.76842354529364e-05,7.72274496042109e-05
"hsa-miR-187-3p",74.3176323255577,2.70625969694387,0.630696166722582,4.29090874454965,1.77943432267767e-05,7.72274496042109e-05
"hsa-miR-194-5p",36070.6963755887,-1.58951634221814,0.370117758595034,-4.29462327949877,1.74990222870977e-05,7.72274496042109e-05
"hsa-miR-144-3p",48.2460503173893,-2.35999106790199,0.555228041854128,-4.25048969072427,2.13303654024768e-05,9.16572137096528e-05
"hsa-miR-125b-5p",3398.18785008147,-1.07402553063426,0.256323428836407,-4.19011845897135,2.78808861178687e-05,0.000118630437011324
"hsa-miR-576-5p",59.8438296151219,-0.865834727601839,0.20677292085395,-4.1873700096997,2.82205552945213e-05,0.000118909912600216
"hsa-miR-3200-3p",10.8762648130196,2.02439957135202,0.483988701722879,4.18274138248614,2.88014959930984e-05,0.000120190858278892
"hsa-miR-616-3p",6.60012973173629,-1.33395026856846,0.319372658186364,-4.17678293484364,2.95660920794901e-05,0.000122206513928559
"hsa-miR-27a-5p",36.2257340924509,1.69226650602469,0.416304675897067,4.06497117136178,4.80383994326724e-05,0.00019668552220547
"hsa-miR-340-3p",44.1408304917245,-0.908652900793945,0.224879377758168,-4.0406235104897,5.33092804873947e-05,0.00021622642739747
"hsa-miR-192-3p",366.315768138301,-1.6841392037796,0.417083327372759,-4.0378962505841,5.39326947015913e-05,0.00021672953241195
"hsa-miR-4746-5p",6.95441606209546,1.81398087435464,0.449678881000503,4.03394722544823,5.48476413440509e-05,0.000218384186635946
"hsa-miR-144-5p",430.04779187037,-2.15587182349747,0.538336481743658,-4.00469204040316,6.20983263925175e-05,0.000245006124130478
"hsa-miR-320a",1319.51764867219,0.833065163998654,0.209555937335154,3.97538325371467,7.0266007351896e-05,0.000274733758474981
"hsa-miR-320b",14.464237457385,1.71353129412446,0.43745449108123,3.91705041109357,8.96390093335652e-05,0.000347351161167565
"hsa-miR-328-3p",136.783449898759,-1.0043341417047,0.256784521996251,-3.91119423358142,9.18408742735269e-05,0.000352733977298325
"hsa-miR-10b-3p",11.5269885173173,2.13572863971055,0.554150012722848,3.85406224068556,0.000116174041439163,0.00044227661389997
"hsa-miR-33b-5p",22.1337744479059,-1.42554354568266,0.373892620931612,-3.8127084244955,0.000137452232174452,0.000518732771858365
"hsa-miR-431-5p",11.9532026396085,2.38465340679809,0.630690751742419,3.78101851059331,0.000156188059275463,0.00057936425406454
"hsa-miR-4326",19.4757372261686,1.6644545279724,0.44006191088787,3.78231900282892,0.000155374064713393,0.00057936425406454
"hsa-miR-95-3p",29.644780074946,1.64636720285476,0.441369913087164,3.73013011090683,0.000191380915106557,0.000703892518273268
"hsa-miR-30d-5p",85415.7240653953,1.20418549005046,0.326949102118056,3.68309771230277,0.000230416786468189,0.0008403435741781
"hsa-miR-181a-2-3p",6228.0688946281,1.14911094007375,0.314905594345717,3.64906486485662,0.000263196647355193,0.00095189454126795
"hsa-miR-542-3p",1286.80913870169,-0.920613051731153,0.252635265783184,-3.64404014964894,0.00026839152486683,0.000954769850755772
"hsa-miR-3913-5p",20.5162045311063,1.4709290327445,0.403489170191614,3.64552295677717,0.000266848590917214,0.000954769850755772
"hsa-miR-30a-5p",201836.599233164,1.17656809954016,0.32449924557102,3.62579610152795,0.000288072595570021,0.00101645127217389
"hsa-miR-324-5p",88.4726715934128,0.684012707745486,0.18916439653218,3.61596960255216,0.000299225489962001,0.001047289214867
"hsa-miR-34a-5p",1115.62931851548,0.856958338639503,0.237219479858644,3.61251251014526,0.000303244471884991,0.00105286480638469
"hsa-let-7d-5p",624.3290898953,0.561238517220112,0.156334333191987,3.58998887679317,0.000330692072622087,0.00113905047236497
"hsa-miR-93-3p",34.379236224783,0.9054025398607,0.25368514399805,3.56900102856499,0.000358345018860999,0.00121501357957557
"hsa-miR-3127-5p",17.0763748308062,1.55711168468887,0.436179493705752,3.56988741368777,0.000357134687057443,0.00121501357957557
"hsa-miR-30b-5p",4841.32223535125,1.13935542318266,0.319484555457192,3.56623005313107,0.000362153485896167,0.0012184078517747
"hsa-miR-5586-5p",19.2487434997566,1.44567927875947,0.409442244578597,3.53085031625737,0.000414226087779276,0.00138287786227851
"hsa-miR-542-5p",7.49343025395452,-0.991770508420987,0.283094257054443,-3.50332259912378,0.000459492608238898,0.00152228848836398
"hsa-miR-642a-5p",16.4167871557041,1.70115125619525,0.48624367946329,3.4985570569739,0.000467782990227866,0.00153801377090071
"hsa-miR-485-3p",40.6440119583645,1.91820312235305,0.552765747643812,3.47019172321995,0.000520086981783261,0.0016971259405559
"hsa-miR-423-3p",471.67045737196,0.645824325667365,0.188368723191761,3.42851145733951,0.000606900918135499,0.00196563431694632
"hsa-miR-224-5p",333.89660140183,1.4080177855579,0.415874621852224,3.38567854726711,0.000710025028231986,0.00226581516362266
"hsa-miR-9-5p",1449.93568375211,1.71736639684258,0.507127986063538,3.38645557736466,0.000708017382173518,0.00226581516362266
"hsa-miR-154-3p",23.3147701916441,2.0610021596554,0.609486399729651,3.38153921165362,0.000720809444527406,0.00228344013813791
"hsa-miR-126-3p",16261.1608692458,-0.828472017354473,0.246002899075669,-3.36773274000987,0.000757890265789405,0.0023835099663232
"hsa-miR-193b-5p",43.2055476505265,-1.53899145581679,0.457771263897055,-3.36192237737946,0.000774018786540812,0.00241672052776052
"hsa-miR-181b-2-3p",20.0435351586862,1.30877863332626,0.391467623044856,3.34326150179806,0.000827998335685355,0.0025667948406246
"hsa-miR-452-3p",16.2211207236818,1.38872210265747,0.417584544246457,3.32560704602575,0.000882262148022412,0.00271561540596969
"hsa-miR-501-5p",11.0209824693697,1.13366827232871,0.341957171887776,3.31523467126099,0.000915662202341689,0.00279857320997389
"hsa-miR-26b-3p",125.949806632903,-0.768026156963279,0.233103066669925,-3.29479216183289,0.000984944982149396,0.00298927358218768
"hsa-miR-410-3p",144.954297345638,1.60189337602605,0.488476417478717,3.27936686134053,0.001040402890407,0.00313565871136554
"hsa-miR-365a-3p",258.026054878668,-0.912980580434846,0.281043117378943,-3.24854274657021,0.00115997778309528,0.00344253685618253
"hsa-miR-365b-3p",258.034874389422,-0.912908182889854,0.281121750784954,-3.24737655603243,0.00116474177525268,0.00344253685618253
"hsa-miR-539-5p",49.8729672519687,1.48334452564296,0.45682635183082,3.24706427222985,0.00116602054806182,0.00344253685618253
"hsa-miR-338-3p",4069.39571626414,1.25003742146169,0.385978724266366,3.2386174233765,0.00120110567438073,0.00352216123433267
"hsa-miR-330-3p",8.54236165776425,0.937490520241681,0.292442141458986,3.20572991144356,0.00134720374800646,0.0039240699774148
"hsa-miR-486-5p",415.832216981619,-1.53257610503106,0.478926813491283,-3.200021510299,0.00137417331446144,0.00397594145650842
"hsa-miR-652-3p",63.9032775580541,0.712272770302902,0.22460380486743,3.17124089114747,0.00151789213730605,0.00436268336152865
"hsa-miR-664b-3p",16.3280833519398,-0.639534082772039,0.202831271279029,-3.15303492769737,0.00161582472180617,0.00461360479778866
"hsa-miR-129-5p",17.0516317975835,2.08072198087312,0.663820856212997,3.13446310310787,0.00172168904169086,0.00488374538623421
"hsa-miR-323a-3p",38.9322736816967,1.79899129097901,0.574324525280867,3.13236021063045,0.00173406981850361,0.00488692403396471
"hsa-miR-19b-1-5p",47.9634826455008,-0.717861805575704,0.229565383220781,-3.12704727299983,0.00176571533320989,0.00489166686373833
"hsa-miR-20a-3p",22.214515385228,-0.81652169566333,0.26085725874854,-3.1301474974497,0.00174718551632078,0.00489166686373833
"hsa-miR-92a-3p",55405.6723751773,-0.664714253270635,0.21261285104867,-3.12640675289412,0.00176956612351824,0.00489166686373833
"hsa-miR-219a-1-3p",8.63053892384385,-1.01590075168198,0.325458997994235,-3.12144005218125,0.00179968885229836,0.00494344912593346
"hsa-miR-193a-5p",1972.99345560968,-0.889585516054219,0.285203969337922,-3.1191203899417,0.00181391829353417,0.00495119836096749
"hsa-miR-132-5p",7.80641105994,0.855107375907302,0.279645545793395,3.05782583978313,0.00222949109472112,0.00604749459443103
"hsa-miR-188-5p",6.78190034495323,0.98512437904656,0.324048268000946,3.04005444967749,0.00236535381354887,0.00637617114956652
"hsa-miR-106a-5p",31.1672719895294,0.949700975626001,0.31266837378211,3.03740657917587,0.0023862335782685,0.00639274921585511
"hsa-miR-369-3p",101.754205155073,1.59028663815235,0.524538685281663,3.03178141627134,0.00243115183370463,0.00642322168116884
"hsa-miR-1247-5p",79.6829597942317,1.99485416294289,0.65808825407882,3.03128668621392,0.00243513916298791,0.00642322168116884
"hsa-miR-3065-3p",169.274486948898,-1.4926957625508,0.492864807510453,-3.02861096958955,0.0024568082927973,0.00642322168116884
"hsa-miR-2355-3p",22.0382129359366,0.893698929916682,0.295013080091261,3.02935357862852,0.00245077669626559,0.00642322168116884
"hsa-miR-335-3p",514.86185567177,0.860002185098334,0.284765895848641,3.02003223572616,0.00252747783403453,0.00656841544892805
"hsa-miR-155-5p",947.917270599544,1.42081437372633,0.472839322877284,3.00485662884487,0.00265706062742141,0.0067833194841229
"hsa-miR-340-5p",65.8885142547534,-0.699222885071265,0.232694492554798,-3.0048965808961,0.0026567116517406,0.0067833194841229
"hsa-miR-769-5p",59.1225820200367,0.669543260071427,0.222779211982837,3.00541174426548,0.00265221552168921,0.0067833194841229
"hsa-miR-3653-3p",9.36911218342152,-0.937279727383727,0.312256785489745,-3.00163125651118,0.00268537242826647,0.00681550663080495
"hsa-let-7i-3p",230.613499847601,0.741971233475038,0.247399312790476,2.999083647833,0.00270792950443732,0.00682708620400071
"hsa-miR-15b-3p",137.220195894547,0.919943824635353,0.306896328075949,2.99757195012021,0.00272139611357632,0.00682708620400071
"hsa-miR-431-3p",41.7141465629655,1.46997541200614,0.491272140214431,2.9921815052743,0.00276991524492312,0.00690886905917606
"hsa-miR-212-3p",16.0461353504747,0.725914123245113,0.244217051497496,2.97241375568961,0.00295468207889494,0.00732761155565944
"hsa-miR-143-5p",239.388005918958,0.664886931471986,0.228077952394831,2.91517406435229,0.00355490211530094,0.00874590903869279
"hsa-miR-6718-5p",24.324731245246,2.07042583195408,0.710479618144587,2.9141241762304,0.00356687995356826,0.00874590903869279
"hsa-miR-126-5p",1035.03579957281,-0.599955965783843,0.207298745814278,-2.89416109792267,0.00380173056569999,0.00921640053778248
"hsa-miR-421",6.23127581544416,1.01721264596651,0.351657850550988,2.89262032504809,0.00382042814204049,0.00921640053778248
"hsa-miR-3928-3p",7.23048351553897,1.4144654256195,0.489019420612351,2.89245245893978,0.00382247026912638,0.00921640053778248
"hsa-miR-16-1-3p",19.2046906642291,-0.594974675212484,0.206997801983542,-2.87430431391628,0.00404918605423589,0.0097090980526982
"hsa-miR-106b-3p",989.688776999277,0.560916467742374,0.197146606433456,2.84517434963662,0.00443871201565243,0.010584620960402
"hsa-miR-493-5p",61.0857556987864,1.31309750669405,0.462236521763341,2.84074806915915,0.00450078526314523,0.0106739934656013
"hsa-miR-6511b-3p",5.8886664383599,-0.734548534780459,0.261441230853427,-2.80961244094002,0.00496011895001721,0.011699411001671
"hsa-miR-338-5p",35.8681086750446,1.26218425690859,0.450096379253469,2.8042533001533,0.00504332663819251,0.0118313716809489
"hsa-miR-21-3p",6662.38205098176,0.755365334781985,0.270405945498929,2.79344943169889,0.00521491818705613,0.0121681424364643
"hsa-miR-671-5p",15.2912264029292,0.710885922498519,0.256552847253654,2.77091418048331,0.0055899157586605,0.0129351876656606
"hsa-miR-3614-5p",5.36990077607265,-1.17021359426681,0.422438791770959,-2.77013763191824,0.00560326101646127,0.0129351876656606
"hsa-miR-629-3p",17.0857936812806,0.95772481816273,0.347453645398453,2.75641033227448,0.00584396334068567,0.0134194713749078
"hsa-miR-382-3p",17.1275154485697,1.28405373033473,0.468301818901058,2.741936243912,0.00610781955912308,0.0139515457297864
"hsa-miR-374a-3p",4317.85506707409,-0.508626757482026,0.185872333906969,-2.73643068223698,0.00621096787498441,0.0141128798834724
"hsa-miR-1287-5p",113.298537972756,0.979368659970684,0.358549937275774,2.73147073295237,0.0063052340889496,0.0142524562218965
"hsa-let-7b-5p",70427.1942756187,0.724068678270452,0.265748375441365,2.72464009259847,0.00643716148062553,0.0144752750393341
"hsa-miR-29c-5p",102.391885380905,-0.717547822467302,0.263525287491295,-2.722880332655,0.0064715494683939,0.0144775900478503
"hsa-miR-744-3p",48.6454112596588,-0.87370886253432,0.321855865887697,-2.71459667240981,0.00663565301447942,0.0147685815809439
"hsa-miR-377-3p",14.8312085065154,1.55148885216939,0.574026769536233,2.70281620040625,0.00687547538733229,0.0151957069693835
"hsa-miR-592",76.5568224078329,1.92975164246341,0.714260268001969,2.70174854869303,0.00689759049071092,0.0151957069693835
"hsa-miR-16-5p",2090.30749522789,0.418081395433235,0.155615794132242,2.6866257230802,0.00721777795026341,0.0158207860121935
"hsa-miR-493-3p",45.0229803087492,1.47268423577561,0.549875436245852,2.67821426217913,0.00740158542021093,0.0160614403618577
"hsa-miR-582-3p",503.14848618647,-0.915307336331028,0.341741187660242,-2.67836412285493,0.00739827426151193,0.0160614403618577
"hsa-miR-224-3p",14.4157987679496,1.16099405489043,0.435540265529462,2.66564115140785,0.00768416663520296,0.016591683182478
"hsa-miR-382-5p",125.385250841651,1.23480342263871,0.465038620845968,2.6552706964261,0.00792447890380344,0.0170258606151024
"hsa-miR-323b-3p",32.7877729783151,1.49685002523862,0.564537237235213,2.65146375918327,0.00801437133474084,0.0171341731984114
"hsa-miR-301a-5p",10.391334544368,0.779678253064347,0.294533814115657,2.64716041316121,0.00811708387039393,0.0172686980379949
"hsa-miR-451a",1711.30215845291,-1.34932953250503,0.514063869951093,-2.62482856971334,0.00866926032794757,0.0183534584503866
"hsa-miR-452-5p",399.638927979293,0.915428256689409,0.350123138867049,2.61458942602768,0.00893347711043462,0.0188210148831487
"hsa-miR-409-3p",110.431558185165,1.05582528725345,0.405318045426645,2.60493037299158,0.00918929319397548,0.0192664408028278
"hsa-miR-101-5p",35.4975564105089,-0.685381372566108,0.2646540300451,-2.58972581089852,0.00960524033447203,0.0200283891197875
"hsa-miR-455-5p",289.149260132183,-0.724291636631258,0.279832621853842,-2.58830307857945,0.00964500766367647,0.0200283891197875
"hsa-miR-543",9.50045555740533,1.31964345880116,0.51056256154939,2.58468512614101,0.0097467963946137,0.020143379215535
"hsa-miR-935",11.3524633392785,1.69610890499637,0.659924634914385,2.57015546209518,0.0101652885868675,0.0209086978516611
"hsa-miR-331-3p",95.4728188395505,0.607012243613284,0.238885292264369,2.54101974156499,0.0110529678434138,0.0226273020945357
"hsa-miR-625-5p",7.61634681890275,0.935863341909467,0.369948498002402,2.52971250582937,0.0114156021851032,0.0232599593818535
"hsa-miR-127-3p",3245.06608971132,1.1297625082114,0.452051527230059,2.49918967232344,0.012447766775966,0.0252445363587348
"hsa-miR-376a-3p",10.5776799462121,1.49278932616406,0.605353267553413,2.46598045501149,0.0136638789788697,0.0275819696596719
"hsa-miR-656-3p",6.31724004581163,1.1418013746123,0.466793879553302,2.44605044030343,0.0144430792783904,0.0290198907723215
"hsa-miR-20a-5p",1778.45714528141,-0.562034060364261,0.23045996747654,-2.4387491958727,0.0147381931605318,0.0294763863210635
"hsa-miR-1-3p",52.4523655994694,0.83488360469736,0.347434396982709,2.40299639859467,0.0162613475772163,0.0323735084794123
"hsa-miR-655-3p",20.0243734328455,1.19339169370025,0.497603505503606,2.39827830893689,0.0164723442735446,0.0326438238114993
"hsa-miR-98-5p",210.044157439916,0.479514650438534,0.201565557896454,2.37895132205506,0.0173619685337185,0.0342504288346993
"hsa-miR-107",323.790023660416,-0.454933613022688,0.19216142550446,-2.36745544444418,0.0179108764984741,0.0351733954766414
"hsa-miR-589-5p",225.697737621519,0.530546034494261,0.22558889235778,2.3518269403656,0.0186814642723375,0.0365214211450202
"hsa-miR-381-3p",517.293287107059,1.08342250589934,0.46149144660929,2.34765457487794,0.0188920324594781,0.0367674533067871
"hsa-let-7a-5p",110720.353811988,0.328149282840588,0.141038215158666,2.32666928230355,0.0199828739662782,0.0387168183096639
"hsa-let-7g-3p",131.835431818307,-0.551478220393925,0.237361366119172,-2.32336976067556,0.0201592971450621,0.0388850442709199
"hsa-miR-432-5p",75.4783719760114,1.19349501953999,0.519120173999505,2.29907269899536,0.0215008114803013,0.0412891689488971
"hsa-miR-654-5p",14.2841064706979,1.2837774668642,0.561097618020416,2.28797525712805,0.0221389620686978,0.0423273547921359
"hsa-miR-223-3p",1668.9365578682,0.841981743764813,0.371280685785509,2.26777684916051,0.0233428111361498,0.0444332457591623
"hsa-miR-487b-3p",45.1999211444521,0.927198689943922,0.410066583706322,2.26109301948865,0.0237534975545766,0.0449656289724698
"hsa-miR-4677-3p",71.4185228000403,0.784179068994997,0.347002815994419,2.25986370383694,0.0238297112066084,0.0449656289724698
"hsa-miR-130b-5p",53.9995950603521,-0.608763216359763,0.271733165551949,-2.24029781246331,0.0250715951763056,0.0471042091191196
"hsa-miR-184",28.2726443639817,2.00884678541707,0.900736674368181,2.23022648303531,0.0257324109538438,0.0481373549740009
"hsa-miR-191-5p",2180.80112897845,-0.44142895575874,0.198118172238626,-2.22810936912468,0.0258732226690081,0.0481930413663069
"hsa-miR-100-5p",31203.2822878465,-0.751286319381956,0.338742764515052,-2.21786676523558,0.0265639181658,0.0492681217263129
"hsa-miR-22-5p",158.591005584383,-0.484077244280581,0.219576055790212,-2.20459941562607,0.0274822168146154,0.0507543919044386
"hsa-miR-23a-5p",10.0307287268858,0.930872671226857,0.423188254837315,2.19966565845432,0.0278306250132068,0.0511800476937786
"hsa-miR-495-3p",73.4676528015931,1.00329497396723,0.456503638384967,2.19778089286807,0.0279647236907012,0.0512096627922545
"hsa-miR-28-3p",13633.9967739251,-0.287081449106258,0.132248312864527,-2.17077589035362,0.0299481172766311,0.0543827736320413
"hsa-miR-15b-5p",1405.76420922307,0.643268165873554,0.296187106651031,2.17183041202214,0.0298684568701361,0.0543827736320413
"hsa-miR-17-5p",1767.81741887479,-0.463712727055624,0.213790759938567,-2.16900266030615,0.0300824819367112,0.0543991548355527
"hsa-miR-10a-3p",13.450120617227,0.71860379013973,0.331603815377036,2.167055253338,0.0302306412980067,0.0544402420055391
"hsa-miR-24-1-5p",89.2461669107687,-0.722360238282494,0.334024295294463,-2.16259789619701,0.0305721202181396,0.0548135263666413
"hsa-miR-181a-3p",695.696141490183,0.590044104576136,0.273034279881515,2.16106235756253,0.0306905228274052,0.0548135263666413
"hsa-miR-204-5p",68.5505525878973,-0.994956322695835,0.461751170846789,-2.15474564118857,0.0311817440994948,0.0554626104064785
"hsa-miR-151a-3p",6685.59190526184,0.412323015824174,0.193164222043925,2.13457239369314,0.0327959544280385,0.0580956907010968
"hsa-miR-153-5p",63.6493281305938,1.04474205874167,0.492544811132246,2.12111067892493,0.0339124894901289,0.059829351376894
"hsa-miR-26b-5p",3182.17664556374,-0.437605976408136,0.206709721266068,-2.11700723956213,0.0342592333772019,0.0601963857720876
"hsa-miR-342-3p",444.140884635787,0.741738496167111,0.350930178693988,2.11363553550038,0.0345464083119418,0.0604562145458982
"hsa-miR-582-5p",35.4001557169804,-0.675784894584734,0.320731494481394,-2.10701133568888,0.0351165969901182,0.061207241340206
"hsa-miR-210-3p",3600.72284125597,1.04585313604395,0.498064489668901,2.09983477589259,0.0357433779481192,0.062050504117935
"hsa-miR-214-5p",148.037923539817,0.57290669153754,0.275643079258278,2.07843669820829,0.0376691555969774,0.0651331216298334
"hsa-miR-195-3p",16.9417970712159,-0.801280559891156,0.387367697861024,-2.06852704630687,0.038590490049141,0.0662764102032906
"hsa-miR-146b-5p",2605.45430604213,-0.690670912679841,0.333972857223435,-2.0680450454025,0.0386357875148215,0.0662764102032906
"hsa-miR-216a-5p",15.065097618413,-1.49051972791778,0.72466523057106,-2.05683902723358,0.0397017126197136,0.0673068096756083
"hsa-miR-412-5p",29.1847606359308,1.10338716975747,0.536081703483692,2.05824441048291,0.0395666774486467,0.0673068096756083
"hsa-miR-484",266.170067163742,0.459764958003949,0.223463048751187,2.05745406488152,0.0396425691475027,0.0673068096756083
"hsa-miR-548v",5.77658974094342,-0.892130904478937,0.437922691104028,-2.03718812156051,0.0416311937404069,0.070303261024656
"hsa-miR-136-5p",293.387068374033,0.984700863839666,0.48788809263771,2.01829247054585,0.0435608104271787,0.0732767121139362
"hsa-miR-653-5p",37.8041306790665,0.778577825239633,0.393280032740916,1.9797034184864,0.0477368642319407,0.0799915022264952
"hsa-miR-375",59373.5999247769,1.21932855479829,0.620213383210646,1.96598233415444,0.049300651287254,0.0822941640718009
"hsa-miR-1247-3p",66.0500957748466,1.25452409851363,0.64381157850259,1.94858890458519,0.05134453822827,0.0853775080117594
"hsa-miR-18a-5p",35.776116057263,0.528705933322234,0.274194586447792,1.92821433920943,0.0538284713588941,0.0891662464494658
"hsa-miR-550a-3p",9.52996887581659,0.651309055272995,0.339965709329019,1.9158080871111,0.0553895279909015,0.0914032515135028
"hsa-let-7e-3p",34.8639596033106,0.438966878124165,0.231539652695583,1.89586048442984,0.0579784953516634,0.0953131325099315
"hsa-miR-376b-3p",11.5645883472616,0.913205984258284,0.482395013876905,1.89306679793194,0.05834898687795,0.095560227566152
"hsa-miR-296-5p",11.8074317934552,0.880145521833284,0.47299676692709,1.86078549236459,0.0627744750384028,0.102421511904763
"hsa-miR-30c-5p",4256.81990641984,0.415878168565835,0.224024514103132,1.85639580664097,0.0633971620049279,0.103050068577299
"hsa-miR-363-3p",31.5005056050983,0.776266104807292,0.419537379616496,1.85029068331619,0.0642716647416056,0.103694804824747
"hsa-miR-2355-5p",144.997512998185,0.404000355220797,0.218247788348534,1.85110858752723,0.0641539329160803,0.103694804824747
"hsa-miR-299-5p",26.6885268850123,0.824922594498742,0.448683271055125,1.83854101036317,0.0659827245710339,0.1053615425124
"hsa-miR-450a-5p",48.0878539760197,-0.447033599720569,0.242997799082771,-1.83966110560655,0.0658180071475914,0.1053615425124
"hsa-miR-494-3p",8.06750076577145,0.891539810607141,0.485007149413567,1.83819931661857,0.0660330404686006,0.1053615425124
"hsa-miR-135a-5p",15.8366354673006,1.37507169809281,0.750171772651973,1.83300911634108,0.0668012153763,0.106196803931554
"hsa-miR-1296-5p",13.0968582927747,0.565586831899138,0.309692345542179,1.82628611924187,0.0678071749824239,0.107402605629095
"hsa-miR-134-5p",1296.14604523146,0.802081726478133,0.440538600376977,1.82068433002642,0.0686548555143911,0.108349844702712
"hsa-miR-148b-3p",680.013397277451,0.418561365663607,0.230877643532008,1.8129142313668,0.0698450509006236,0.10981718737051
"hsa-miR-3607-3p",144.69700892973,-0.630546857017156,0.348113762852106,-1.81132412534071,0.0700906933217311,0.10981718737051
"hsa-miR-23b-3p",7586.89500664718,-0.553524548753476,0.309845704041931,-1.78645222939276,0.0740260653875181,0.115565871863967
"hsa-miR-4772-3p",36.2014865076024,-0.67812124514167,0.381036900099643,-1.77967342523608,0.0751294220064432,0.116867989787801
"hsa-miR-181b-3p",31.2913402288684,0.525198415151332,0.295819356018482,1.77540246933172,0.0758314565836675,0.117538757704685
"hsa-miR-616-5p",15.1119157560428,-0.686246893397455,0.386952509628282,-1.77346541583794,0.0761516176991012,0.11761495402637
"hsa-miR-20b-5p",59.6519528223747,0.770285474517811,0.437180063038449,1.76194099329288,0.0780792675725121,0.120164546547767
"hsa-miR-29b-3p",4246.40887014147,0.436977931495486,0.248869906267511,1.75584882097306,0.0791142256891237,0.120941029730469
"hsa-miR-217",778.922023613473,-1.10373233330696,0.628659684610266,-1.75569129105394,0.0791411346623347,0.120941029730469
"hsa-miR-203a-3p",11513.23971508,0.936506335526949,0.534734321845229,1.75134884234719,0.0798858392786004,0.121650716655834
"hsa-miR-29c-3p",8264.38129483305,-0.536634528144934,0.306706988140056,-1.74966514913538,0.0801761107287166,0.12166584635057
"hsa-miR-889-3p",186.36960006958,0.803315129361443,0.46319013321294,1.73430967492595,0.0828631517604679,0.125305253881683
"hsa-miR-3615",28.1907362667543,0.501668300351904,0.290161140021894,1.72893000183984,0.0838216237238997,0.126314530195043
"hsa-let-7g-5p",2503.80981236813,-0.263905490993994,0.154365021298253,-1.70961976213572,0.0873362088371262,0.13115541396302
"hsa-miR-361-3p",958.842198541256,0.317710725813195,0.186127047810157,1.70695624064939,0.0878301861841005,0.131442416565171
"hsa-miR-136-3p",112.181041305133,0.863830803765273,0.508596352196959,1.69846047859727,0.089420885812235,0.133363108049862
"hsa-miR-214-3p",27.9359866437045,0.605221133222377,0.35873011075091,1.68712108374594,0.0915800717293252,0.136115586063449
"hsa-miR-584-5p",264.237842423825,0.648256283186426,0.38669503853089,1.67640186346648,0.0936595041697824,0.137790592575205
"hsa-miR-411-3p",8.88586636831783,0.926203947549758,0.552377090090245,1.67676024977509,0.0935893736470486,0.137790592575205
"hsa-miR-1306-3p",4.64998620617341,0.680810729811618,0.405901481832476,1.67728072028227,0.0934876008307308,0.137790592575205
"hsa-miR-3605-3p",8.71887854702866,-0.513911435638636,0.307084101901407,-1.67352016094807,0.0942249410244895,0.138154136502123
"hsa-miR-154-5p",33.7058448114955,0.742696189318326,0.460662653993732,1.61223442551614,0.106910936667082,0.156226755937756
"hsa-miR-30e-5p",36967.5965085652,-0.352851143952654,0.220434305151542,-1.60070885386954,0.109441419228522,0.15929221686659
"hsa-miR-193b-3p",416.626836016267,-0.6552664903208,0.409707930059303,-1.59935027429407,0.109742794569379,0.15929221686659
"hsa-miR-4661-5p",9.1407102241619,0.714611644161196,0.448391546443035,1.59372238355074,0.110998228523156,0.160577437263498
"hsa-miR-590-3p",23.1826943961018,-0.410267884960395,0.258133126462169,-1.58936549749853,0.111977899400217,0.16145650611194
"hsa-miR-148b-5p",7.82060499938551,0.420698554385672,0.265591084202479,1.58400857336364,0.113191768113215,0.162666315765349
"hsa-miR-7-1-3p",59.9569728491799,-0.42539949486758,0.272432335670873,-1.56148679568459,0.118408936953746,0.169602239729127
"hsa-miR-10a-5p",138598.959393097,0.491130399937886,0.319913143586846,1.53519919322902,0.124734906457776,0.178075491456166
"hsa-miR-1976",25.3625327982857,-0.356174777242677,0.232835415679033,-1.52972766709026,0.126084152333958,0.179411547911271
"hsa-miR-33a-5p",114.698235971208,-0.46660764742755,0.306305713575481,-1.52333967910973,0.127673744891773,0.181042884640411
"hsa-miR-335-5p",51.0238002522076,0.452738067489615,0.297506129963034,1.52177727412161,0.128064897660383,0.181042884640411
"hsa-miR-27b-3p",9524.13685905973,-0.464589763746519,0.306668846647944,-1.51495585164498,0.129783584773638,0.182383971461658
"hsa-miR-326",12.5637304487484,-0.518452902032491,0.342285937680285,-1.51467777363602,0.129854025764176,0.182383971461658
"hsa-miR-377-5p",8.17049224991257,0.756465205419824,0.503479891646675,1.50247352073136,0.132974861446841,0.186164806025577
"hsa-miR-425-5p",416.875279594525,0.335292524337867,0.224568440994514,1.49305273195559,0.135423384170864,0.188983114887958
"hsa-miR-450b-5p",67.9917170423534,-0.440266639669388,0.29892894662596,-1.47281367240851,0.140801284633064,0.195858197213942
"hsa-miR-128-3p",638.431160779455,-0.343478337612862,0.233988974360568,-1.46792530952153,0.142124512418618,0.197067215302493
"hsa-miR-942-5p",19.9329881488581,0.462631380719708,0.317369255911553,1.45770698359213,0.144921326202491,0.200305272521914
"hsa-miR-376a-5p",5.93837207853045,0.665658953795933,0.457887194250006,1.45376189191367,0.146012332184263,0.201172546564984
"hsa-miR-629-5p",297.97114197029,0.369313585151734,0.256799549095632,1.43813953899974,0.150394465969288,0.206554424780604
"hsa-miR-127-5p",1069.08520912715,0.493120944791302,0.346954076609826,1.42128592236099,0.155233654408752,0.21252809467949
"hsa-miR-539-3p",8.21887496480225,0.830326972450527,0.585060155746121,1.4192164075703,0.15583593389547,0.212681746259855
"hsa-miR-379-5p",4721.61728991203,0.612214003847188,0.432063058522967,1.41695521468574,0.156496021761767,0.212913082898454
"hsa-miR-376c-3p",63.3801494147732,0.639437922498258,0.454718064153707,1.4062294263333,0.159656008825229,0.216533461969217
"hsa-miR-589-3p",5.79367163462959,0.39056772749185,0.281489076882678,1.38750580241746,0.165287583031701,0.223472931575571
"hsa-miR-496",12.5009874971958,0.664854409563308,0.480878891557063,1.38258181266917,0.166793128887045,0.224808130239061
"hsa-let-7f-5p",25318.4977518118,0.238488845366945,0.174469732222655,1.36693535508262,0.17164556894078,0.229920299136724
"hsa-miR-1307-5p",1955.1459753158,-0.618614734194108,0.452142887277735,-1.36818415505476,0.171254440026788,0.229920299136724
"hsa-miR-30d-3p",55.1456550359096,0.382269142518139,0.283355014842847,1.34908197312178,0.177310637794619,0.236777897854968
"hsa-miR-1306-5p",30.1730646962531,-0.35290606247147,0.264153292088564,-1.33598964329072,0.181552658467689,0.241698937960052
"hsa-miR-29a-3p",34235.4635530254,0.286462198091849,0.215000634041558,1.33237838748177,0.182735880388701,0.242530189873688
"hsa-miR-370-3p",48.5631270919063,0.650172089428705,0.507665848189086,1.28070874128712,0.200295988290631,0.265025789384555
"hsa-miR-362-5p",37.7822460374205,-0.373985877143595,0.293519239239387,-1.27414433926964,0.202612267052623,0.267275756537502
"hsa-miR-19b-3p",571.024566723813,-0.22486760225979,0.17851127381797,-1.25968291778081,0.207783770070903,0.273267140032642
"hsa-miR-92a-1-5p",7.7520934150181,0.412046333669798,0.328787105171759,1.25323142905664,0.210121495109481,0.275506733768927
"hsa-miR-223-5p",7.42717754120184,0.508010173158261,0.406586680908614,1.24945109373232,0.21150013058466,0.276479086366694
"hsa-miR-193a-3p",54.6028658740768,0.36211535901221,0.291727569031504,1.2412791845981,0.214502631479884,0.279561988174984
"hsa-miR-133a-3p",31.3794576114555,0.412485675163109,0.336911380384726,1.22431505487314,0.220833399818836,0.286951184195733
"hsa-miR-345-5p",41.2272859838794,-0.353059238999726,0.296636823025607,-1.19020705318587,0.23396502168101,0.303106923610622
"hsa-miR-1307-3p",4359.85060592466,0.34996899106705,0.296151749361628,1.18172184301267,0.237316088334325,0.30653328076517
"hsa-miR-29a-5p",40.4395882798443,0.231367709637808,0.199614280516914,1.15907393518473,0.246426049236612,0.316666500586372
"hsa-miR-374b-5p",346.537937645578,0.181202084372987,0.156639486828084,1.15680974218117,0.247350100688434,0.316666500586372
"hsa-miR-3074-5p",14.4800946903644,0.367028358302147,0.317163909209958,1.15721980857279,0.247182566719237,0.316666500586372
"hsa-miR-550a-5p",7.90191323134798,0.395890079907512,0.343287205189809,1.15323284387665,0.24881482605421,0.31760480737508
"hsa-miR-503-5p",22.7103371883979,0.483019568161933,0.423168971238472,1.14143427564715,0.253689247995746,0.322877224721859
"hsa-miR-130a-3p",433.018577841733,0.267546701748143,0.24711481349027,1.08268176225169,0.278949701834646,0.353988802912972
"hsa-miR-369-5p",20.6224614023472,0.488450652517116,0.452371918803131,1.07975458293132,0.280251480598852,0.354603914227119
"hsa-miR-501-3p",106.926556749009,-0.283948652773261,0.266030595011908,-1.06735337249669,0.285812295356417,0.360588767978735
"hsa-miR-497-5p",113.190956369712,-0.356467436115079,0.337906804856804,-1.05492825533993,0.29145813848847,0.36664589015651
"hsa-miR-590-5p",57.8249030949178,-0.212082119131353,0.201460323329099,-1.05272400851309,0.292467501839906,0.366852299995721
"hsa-miR-766-3p",36.2860138842282,-0.262475494717541,0.255348978466916,-1.02790892798323,0.303992669481154,0.380209851743
"hsa-miR-146a-5p",537.471785931298,0.410754690314529,0.421128300375434,0.975367102966821,0.329378195730096,0.410436523801919
"hsa-miR-26a-2-3p",15.1372061148182,0.272743933229562,0.280021648674646,0.974010168572574,0.33005149033841,0.410436523801919
"hsa-miR-1269a",85.4341675922858,1.2296905713586,1.26540713706039,0.971774644969401,0.331162672316184,0.410641713672068
"hsa-miR-145-3p",221.668772523474,0.219749472322913,0.2310434866945,0.951117365249423,0.341544800440743,0.42230895553072
"hsa-miR-30a-3p",37388.9315641626,0.288909675122695,0.305394474381383,0.946021291668489,0.344137726551756,0.424306174214381
"hsa-miR-5000-3p",5.59760481998441,0.336547042889483,0.356519494509098,0.943979356172051,0.3451801976528,0.424385852071714
"hsa-let-7a-3p",148.615757874796,0.176838158731681,0.188076559685662,0.940245605445119,0.347091593727159,0.424566312300803
"hsa-miR-30c-2-3p",341.133582833693,-0.264828649056554,0.281771139590023,-0.939871448303325,0.347283504301348,0.424566312300803
"hsa-miR-26a-5p",10640.1038224542,0.188912551384244,0.205162147517459,0.920796324615229,0.357156774243887,0.435410224780468
"hsa-miR-128-1-5p",9.41154763056564,0.281606080657848,0.309231329696621,0.910664779452083,0.362472027047931,0.440652268175916
"hsa-miR-1277-3p",10.4646303965644,-0.276668237222348,0.307690781989696,-0.899176229568078,0.368558799514914,0.445555763201873
"hsa-miR-3653-5p",10.653312609304,-0.352206586540755,0.390998065191993,-0.900788566224259,0.367700747935492,0.445555763201873
"hsa-miR-185-5p",352.330628784093,0.175317898810047,0.20645315053848,0.849189747663211,0.395775717163454,0.477129614580386
"hsa-miR-374b-3p",8.18716901815755,0.230338246800254,0.282072346016133,0.81659279987369,0.414161171140023,0.497911214057535
"hsa-miR-15a-5p",808.027770733647,-0.124026411301771,0.15481526044936,-0.801125231077204,0.42305915077351,0.507203512253324
"hsa-miR-103a-3p",71083.7111159643,-0.107208978000515,0.14064144991953,-0.762285784609417,0.445889456265368,0.533101994543167
"hsa-miR-532-5p",3425.69460158504,-0.159299764025012,0.218981119148934,-0.727458899854599,0.466944884181999,0.555216656808185
"hsa-miR-887-3p",12.9348419292487,0.19730066888944,0.270628550495501,0.729046024627474,0.465973509648804,0.555216656808185
"hsa-miR-411-5p",45.6907190331806,0.336178566890595,0.473810678549791,0.709520874285797,0.478001302421468,0.566810287570812
"hsa-miR-664a-5p",9.81549418665586,-0.205081036234115,0.294014064454047,-0.697521176801282,0.485476691288829,0.574105951006408
"hsa-miR-222-5p",14.4136872892463,0.276805219662804,0.401226908923217,0.689896947354986,0.490258995680484,0.578185880775353
"hsa-miR-337-3p",171.929859155577,-0.201350619344974,0.293752954476727,-0.685442022885002,0.493065034056161,0.579919308347897
"hsa-miR-151a-5p",476.083219443793,0.129224998048994,0.189237395410127,0.682872419422863,0.494687463271116,0.580255024485579
"hsa-miR-140-5p",246.682375596245,-0.115185873035419,0.176042813108798,-0.654306023638874,0.512914665855375,0.60001338269874
"hsa-miR-27b-5p",76.1653213633748,0.224023794872183,0.366633156328145,0.611029829150742,0.541179832850193,0.631376471658559
"hsa-miR-195-5p",189.770387929787,-0.224786693557332,0.370517484523974,-0.606683093096481,0.544061244378053,0.633036407667761
"hsa-miR-433-3p",8.47700212359368,0.269740914856073,0.450902281058944,0.598224773275901,0.549689963622761,0.637875519284167
"hsa-miR-362-3p",11.0506986461375,0.183033327269038,0.311951210734908,0.586737031210235,0.557380333099041,0.645074838839957
"hsa-miR-98-3p",5.75573705837727,0.238691170883312,0.408566078300584,0.584216809863753,0.559074453374814,0.645314661608162
"hsa-miR-628-5p",28.217498980118,-0.153544452133343,0.269562872108857,-0.569605342650221,0.56894540400081,0.654966327152126
"hsa-miR-32-5p",152.151185043671,0.125260750015873,0.22145823745777,0.565617930738561,0.571653535978294,0.656342948715819
"hsa-miR-142-5p",440.22015843206,0.253959565029525,0.455656445320883,0.557348782481681,0.577289151809892,0.661064622389164
"hsa-miR-324-3p",45.4158369507152,-0.13773035124124,0.248912742917336,-0.553327843432188,0.580038938469331,0.662465524462341
"hsa-miR-185-3p",19.8625768015803,0.197091719551533,0.361226360131984,0.545618319436931,0.585328329022969,0.666751954845062
"hsa-miR-190a-5p",9.90815439119862,0.187575325180499,0.351524447062637,0.533605348782687,0.593614606855049,0.674420783704428
"hsa-miR-3613-5p",43.9369046741072,-0.147101737063383,0.281946048642547,-0.521737182597935,0.601853332155103,0.681995681867662
"hsa-miR-654-3p",192.727086891589,-0.191046634239078,0.368374023929692,-0.518621351747486,0.604024816491357,0.682673881138669
"hsa-let-7f-1-3p",8.89964146841323,0.138183605839453,0.268320493579792,0.514994602148644,0.606556791978441,0.683754929139333
"hsa-miR-29b-2-5p",102.850177463743,-0.132389942580023,0.263433567882739,-0.502555325974832,0.61527694500908,0.69000050163809
"hsa-miR-4668-3p",9.48989228167646,-0.147860244757037,0.293078488837674,-0.50450732615498,0.613904915261524,0.69000050163809
"hsa-miR-199a-5p",6691.69884630972,0.134186474012281,0.282421785186317,0.475127915234147,0.634695802582272,0.709943243094603
"hsa-miR-4999-5p",6.71195949077948,-0.214169321394854,0.462722003849551,-0.46284663277973,0.643474302713242,0.717912204055391
"hsa-miR-215-5p",353.619143369807,0.219477147198211,0.479342705206121,0.457871048864371,0.647045087632384,0.720045046237063
"hsa-miR-140-3p",4795.72602350503,-0.094472649169808,0.210007510101865,-0.449853670109148,0.652815955791565,0.724609014868386
"hsa-miR-186-5p",933.130595460754,-0.0681364141307045,0.156268678542086,-0.436020927330962,0.662821546028456,0.733838140245791
"hsa-miR-150-5p",3011.49506522085,0.229303032409167,0.532803657287126,0.430370605143193,0.666926074414871,0.734634305319934
"hsa-miR-361-5p",1035.30632936653,-0.0566654273769713,0.131442849563185,-0.431103156735293,0.666393365435479,0.734634305319934
"hsa-miR-370-5p",14.0806284720131,-0.164647205103585,0.384934540277896,-0.427727802718668,0.668849305596801,0.734887591465853
"hsa-miR-671-3p",5.97238102199584,0.116217113235893,0.276803795761173,0.419853755676696,0.674592292162005,0.737463614101537
"hsa-miR-664a-3p",170.319503586109,-0.0866919560514977,0.205503210021592,-0.421852077358738,0.673132991107856,0.737463614101537
"hsa-miR-1249-3p",6.77162417971016,-0.145796741997343,0.353007544976658,-0.413013104314764,0.679597012778616,0.741068099361607
"hsa-miR-659-5p",9.28137404033085,0.118353422599762,0.300755452327079,0.393520455519622,0.693935118830796,0.754806620482621
"hsa-miR-3065-5p",16.5761164141271,-0.243548897220712,0.64221952661258,-0.379229978423924,0.704517091720033,0.764401044516235
"hsa-miR-29b-1-5p",18.96158993966,0.108034582969223,0.315013515112029,0.342952215655896,0.731634408764531,0.789873963691061
"hsa-miR-151b",10.9961824520164,0.0931857590572751,0.271682843936857,0.342994639289527,0.731602493038568,0.789873963691061
"hsa-miR-660-5p",256.096117421719,-0.068401654078161,0.214928036713804,-0.318253751925552,0.750292462460983,0.808007267265674
"hsa-miR-145-5p",8302.21658649098,0.0699741792603354,0.233508712248859,0.299664104976783,0.764433381065045,0.821198236094628
"hsa-let-7b-3p",88.4436688949161,-0.0631383639744562,0.233178237449542,-0.270772970346853,0.786565650051316,0.838333710992933
"hsa-miR-142-3p",9144.43520184019,0.117238736239507,0.435984009255371,0.268906046439047,0.788001983915986,0.838333710992933
"hsa-miR-1271-5p",9.48397237730402,0.0895286436018697,0.333111929756942,0.26876444703495,0.788110954113172,0.838333710992933
"hsa-miR-874-3p",164.489033791085,0.0954187471474344,0.346393006772496,0.275463838131419,0.782959904493276,0.838333710992933
"hsa-miR-758-5p",25.5192651605706,0.0944913443561252,0.372178835304516,0.253886936582013,0.799582907300248,0.848457168137671
"hsa-miR-874-5p",5.23636303430842,0.0999583806041317,0.412246511885204,0.242472350213521,0.808414179036362,0.853956514734707
"hsa-miR-1287-3p",25.9587325043723,-0.0873712093598932,0.360885227172669,-0.242102482399728,0.808700754737246,0.853956514734707
"hsa-miR-532-3p",131.805357907473,0.059351933041016,0.255873750313586,0.231957881448477,0.816570727367153,0.858091272826499
"hsa-miR-651-5p",18.5057252978359,-0.0713189206262324,0.306843944121801,-0.23242733641151,0.816206118820366,0.858091272826499
"hsa-miR-197-3p",1283.99753722352,0.038759469007193,0.173203632510998,0.2237797697732,0.822928672176253,0.862683680493947
"hsa-miR-199a-3p",13176.8152608442,-0.0500208896767104,0.247404140195396,-0.202182912691779,0.839773730975679,0.869837229697959
"hsa-miR-199b-3p",13149.7152566884,-0.0506906578803236,0.247373131271928,-0.204915778927507,0.837637927005555,0.869837229697959
"hsa-miR-130b-3p",51.7336117779472,-0.0721096010369328,0.34536857745262,-0.208790277241783,0.834611961705133,0.869837229697959
"hsa-miR-500a-3p",725.669144653199,-0.0472673810231936,0.22844794978512,-0.206906566977965,0.836082827787761,0.869837229697959
"hsa-miR-744-5p",119.000590030568,-0.0637775861724802,0.311555986436872,-0.204706662522766,0.83780131470241,0.869837229697959
"hsa-let-7d-3p",1398.46099926995,-0.0411184509533887,0.207711900127842,-0.197959052553471,0.843077101008189,0.871179671041796
"hsa-miR-500b-5p",16.7468862134519,0.0455540562204178,0.241874464734431,0.188337600128374,0.850612012073375,0.87687794118728
"hsa-miR-758-3p",74.5761509866693,0.0701855030555975,0.380356284621752,0.184525682612012,0.853601081266136,0.877874097795031
"hsa-miR-500a-5p",16.7182772054394,0.042600588332551,0.24296531178342,0.175336092299979,0.860815553463807,0.883200827903764
"hsa-miR-3130-5p",16.7674660763788,-0.0701747407269985,0.418697419192154,-0.167602515588454,0.866895992044431,0.887341652234158
"hsa-miR-425-3p",22.5099471126084,0.0334497524560418,0.207859269275575,0.160924997824826,0.872152473483259,0.890621584686434
"hsa-miR-502-3p",27.372010503491,-0.0255486401029006,0.171047394766657,-0.14936585346859,0.881264954421046,0.897814531029892
"hsa-miR-374a-5p",122.776808295134,0.0323366431370152,0.227552369022817,0.14210637874648,0.886995979802075,0.901536897503749
"hsa-miR-19a-3p",115.12019494795,0.0304386776836108,0.249701895719129,0.121900066461045,0.902978162992628,0.91563673537103
"hsa-let-7a-2-3p",35.1177125116936,-0.0412777796376649,0.421735843213647,-0.0978759104825577,0.922030828775725,0.929389548743533
"hsa-miR-26a-1-3p",5.460525272924,0.0346502609609599,0.355612019651457,0.0974383852236529,0.922378262741,0.929389548743533
"hsa-miR-342-5p",26.7313291231929,0.032238977028995,0.34295631643315,0.094003158665483,0.92510664759725,0.929389548743533
"hsa-miR-676-3p",7.19156297104613,0.037918024004886,0.400194957360049,0.0947488800334176,0.924514291934071,0.929389548743533
"hsa-miR-30b-3p",23.2444174434788,0.0324053834394598,0.39158886342947,0.0827535879229529,0.93404747395608,0.936204627475609
"hsa-miR-6509-5p",7.26832275034324,0.0193422140823458,0.417210304468936,0.0463608254042679,0.963022659718719,0.963022659718719
